persona_id,is_honeytrap,creation_date,profile_type
1,False,2020-11-28 20:28:40,Civilian
2,False,2022-11-18 04:31:35,Military
3,False,2024-02-19 01:35:57,Civilian
4,False,2024-04-02 01:54:32,Military
5,False,2022-01-02 09:05:21,Civilian
6,False,2023-08-25 03:54:25,Military
7,False,2021-12-18 11:57:20,Civilian
8,False,2023-03-02 09:47:24,Civilian
9,False,2021-10-24 12:09:15,Civilian
10,False,2020-10-02 20:03:48,Civilian
11,False,2024-10-17 23:36:29,Civilian
12,False,2024-09-06 06:11:56,Civilian
13,False,2023-08-31 20:51:43,Civilian
14,False,2024-04-18 15:46:57,Civilian
15,False,2022-06-03 17:29:03,Military
16,False,2022-02-08 10:26:58,Military
17,False,2023-06-29 02:36:52,Civilian
18,False,2022-01-22 01:10:34,Military
19,False,2024-10-17 02:03:05,Civilian
20,True,2025-07-28 21:30:47,Standard
21,False,2022-06-27 01:38:50,Civilian
22,False,2024-09-30 19:12:16,Civilian
23,False,2021-08-30 21:28:24,Civilian
24,False,2023-06-02 21:54:02,Civilian
25,False,2022-09-10 20:12:05,Civilian
26,False,2025-07-11 15:33:52,Executive
27,False,2022-01-19 08:58:41,Executive
28,False,2022-11-20 22:08:17,Civilian
29,False,2024-07-24 16:46:31,Civilian
30,False,2023-10-19 10:45:35,Civilian
31,False,2025-05-14 23:30:33,Executive
32,False,2022-09-06 22:17:19,Civilian
33,False,2024-11-14 09:48:08,Civilian
34,True,2025-07-28 21:30:58,Standard
35,False,2024-09-06 17:06:44,Civilian
36,False,2021-09-01 17:08:20,Civilian
37,False,2022-07-01 21:48:12,Civilian
38,False,2022-01-29 07:17:40,Civilian
39,False,2021-08-27 01:57:34,Executive
40,False,2022-05-06 05:27:09,Civilian
41,False,2023-05-15 10:59:41,Civilian
42,False,2025-04-26 00:58:28,Civilian
43,False,2022-02-03 16:43:57,Civilian
44,False,2022-10-18 06:34:11,Civilian
45,False,2024-11-01 04:58:52,Executive
46,False,2024-03-08 13:04:46,Military
47,False,2022-07-04 07:05:00,Civilian
48,False,2024-02-17 11:05:25,Civilian
49,False,2024-05-15 16:00:20,Civilian
50,False,2020-09-14 23:36:45,Civilian
51,False,2020-09-13 05:37:28,Civilian
52,False,2021-07-13 09:13:56,Civilian
53,False,2024-07-02 15:37:27,Civilian
54,False,2021-02-02 23:14:26,Civilian
55,False,2022-05-19 04:33:21,Civilian
56,False,2020-12-01 20:29:16,Military
57,False,2021-01-08 22:00:28,Civilian
58,False,2022-10-30 21:08:01,Civilian
59,False,2023-02-28 17:15:18,Military
60,False,2022-08-01 14:06:59,Civilian
61,False,2021-09-22 23:10:27,Civilian
62,False,2021-08-11 23:25:48,Civilian
63,False,2023-10-17 12:51:53,Executive
64,False,2025-01-03 16:59:03,Civilian
65,False,2025-07-03 03:47:15,Civilian
66,False,2020-11-24 10:57:51,Civilian
67,False,2022-06-03 16:54:55,Civilian
68,False,2021-12-20 01:53:22,Civilian
69,False,2023-01-19 19:32:56,Civilian
70,False,2020-11-08 17:45:43,Civilian
71,False,2022-10-23 15:42:47,Civilian
72,False,2022-02-08 22:14:22,Civilian
73,False,2023-04-16 06:07:15,Civilian
74,False,2023-09-05 09:20:23,Civilian
75,False,2022-12-27 17:32:13,Executive
76,False,2023-07-04 03:54:12,Military
77,False,2021-09-25 08:29:45,Civilian
78,False,2023-02-21 22:30:59,Civilian
79,False,2023-07-05 18:07:07,Civilian
80,False,2022-11-06 22:44:05,Civilian
81,False,2021-08-30 20:48:54,Civilian
82,False,2022-09-07 08:25:09,Civilian
83,False,2021-06-24 08:42:53,Civilian
84,False,2021-10-30 01:31:03,Civilian
85,False,2024-11-05 19:16:24,Civilian
86,False,2025-04-03 19:44:29,Civilian
87,False,2022-09-24 00:53:24,Military
88,False,2022-05-15 15:24:00,Civilian
89,False,2020-08-22 08:01:45,Military
90,False,2023-08-03 06:39:48,Civilian
91,False,2023-02-08 10:31:09,Civilian
92,False,2021-03-14 21:10:06,Executive
93,False,2025-02-01 17:47:00,Civilian
94,True,2025-07-28 21:30:12,Standard
95,False,2021-03-06 16:45:46,Civilian
96,False,2024-11-13 13:13:56,Civilian
97,False,2024-07-28 05:06:39,Civilian
98,False,2024-01-20 05:57:56,Civilian
99,False,2025-01-06 15:25:42,Civilian
100,True,2025-07-28 21:28:53,Standard
101,False,2023-02-25 04:03:33,Civilian
102,False,2023-10-12 01:11:56,Civilian
103,False,2021-11-10 00:10:59,Civilian
104,False,2025-06-10 08:17:40,Civilian
105,False,2022-02-03 09:50:59,Executive
106,False,2025-05-26 23:40:36,Civilian
107,False,2025-07-11 11:59:28,Civilian
108,False,2024-12-20 12:19:32,Civilian
109,False,2024-05-14 04:22:39,Civilian
110,False,2024-08-04 11:25:35,Civilian
111,False,2024-09-24 16:53:39,Civilian
112,False,2023-02-22 01:57:28,Civilian
113,False,2021-08-20 17:16:59,Civilian
114,False,2023-04-05 19:12:15,Civilian
115,False,2022-07-04 20:19:38,Military
116,False,2024-10-11 21:37:00,Civilian
117,False,2022-10-27 03:26:58,Civilian
118,False,2024-04-10 20:05:10,Executive
119,False,2025-04-23 23:05:23,Civilian
120,False,2021-06-19 15:34:53,Civilian
121,False,2023-03-13 11:57:22,Military
122,False,2021-12-27 05:35:26,Civilian
123,False,2021-08-12 22:10:57,Civilian
124,False,2020-12-21 12:02:17,Civilian
125,False,2021-01-21 14:06:40,Executive
126,False,2021-01-09 01:17:21,Executive
127,False,2024-01-25 19:00:00,Civilian
128,False,2024-04-04 21:14:40,Civilian
129,False,2022-11-14 02:14:30,Civilian
130,False,2022-02-13 03:45:22,Military
131,False,2024-08-03 06:54:17,Civilian
132,False,2020-08-16 21:48:36,Civilian
133,False,2025-03-09 12:40:27,Civilian
134,False,2023-12-27 11:33:46,Civilian
135,False,2022-12-17 19:36:52,Civilian
136,False,2023-12-22 12:17:11,Civilian
137,False,2024-05-31 14:49:49,Civilian
138,False,2024-01-01 06:35:32,Civilian
139,False,2021-08-20 02:00:50,Civilian
140,False,2024-04-23 23:13:23,Civilian
141,False,2024-02-13 12:38:08,Executive
142,False,2022-07-24 11:50:51,Civilian
143,False,2022-06-23 04:34:34,Executive
144,False,2023-02-08 01:04:50,Military
145,False,2025-03-15 16:03:14,Civilian
146,False,2024-10-08 13:45:35,Civilian
147,False,2020-10-09 08:54:32,Executive
148,False,2021-03-12 09:18:29,Civilian
149,False,2022-11-11 07:50:49,Civilian
150,False,2024-05-25 00:31:13,Civilian
151,False,2024-03-07 20:57:36,Civilian
152,False,2023-12-07 07:46:34,Civilian
153,False,2022-12-07 10:13:44,Civilian
154,False,2024-01-29 00:01:09,Civilian
155,False,2021-08-03 12:56:59,Civilian
156,False,2023-07-26 00:09:35,Executive
157,False,2022-09-02 05:33:37,Executive
158,False,2025-06-21 01:28:40,Civilian
159,False,2024-06-05 16:36:45,Civilian
160,False,2020-09-05 10:02:46,Executive
161,False,2020-09-06 04:44:54,Civilian
162,False,2022-03-24 12:16:35,Executive
163,False,2021-02-20 11:29:49,Civilian
164,True,2023-10-23 06:44:49,Standard
165,False,2025-03-05 21:31:28,Civilian
166,False,2025-05-07 00:02:00,Military
167,False,2023-10-26 19:10:46,Civilian
168,False,2022-05-05 06:03:03,Civilian
169,False,2025-05-04 07:55:24,Executive
170,False,2021-08-28 07:38:29,Civilian
171,False,2025-04-29 15:31:52,Civilian
172,False,2025-03-17 12:11:22,Civilian
173,False,2024-11-25 04:02:59,Civilian
174,False,2022-08-05 20:29:47,Civilian
175,False,2022-10-10 04:44:03,Civilian
176,False,2025-06-30 18:40:24,Executive
177,False,2024-11-09 01:09:24,Military
178,False,2023-06-27 10:20:54,Civilian
179,False,2024-03-22 15:40:31,Civilian
180,False,2023-05-12 23:37:09,Military
181,False,2023-12-24 09:28:55,Civilian
182,True,2025-07-28 21:30:49,Standard
183,False,2021-07-06 12:45:56,Military
184,False,2022-11-13 16:21:41,Civilian
185,False,2023-07-23 11:42:07,Civilian
186,False,2020-10-08 04:54:57,Civilian
187,False,2022-10-20 22:41:47,Civilian
188,False,2022-01-05 12:45:19,Civilian
189,False,2022-04-19 05:48:41,Civilian
190,False,2024-01-08 07:35:44,Civilian
191,False,2024-08-22 05:35:03,Civilian
192,False,2024-06-29 06:06:35,Civilian
193,False,2025-05-31 01:23:53,Military
194,False,2020-09-29 22:17:44,Civilian
195,False,2023-05-21 12:54:41,Executive
196,False,2024-06-01 04:10:53,Civilian
197,False,2024-12-03 20:05:10,Civilian
198,False,2024-01-13 15:53:39,Civilian
199,False,2025-01-06 12:16:13,Civilian
200,False,2022-05-16 14:26:41,Civilian
201,True,2025-07-28 21:30:23,Standard
202,False,2023-11-13 18:50:32,Civilian
203,False,2025-01-28 05:19:08,Executive
204,False,2025-07-02 14:12:46,Civilian
205,False,2024-06-28 06:05:29,Military
206,False,2022-07-21 13:01:01,Civilian
207,False,2024-04-15 13:24:07,Civilian
208,False,2022-04-25 07:21:59,Military
209,False,2022-08-27 08:16:02,Civilian
210,False,2023-08-23 12:25:30,Military
211,False,2023-01-26 19:57:43,Civilian
212,False,2021-05-30 23:35:55,Civilian
213,False,2022-04-24 18:36:56,Civilian
214,False,2023-01-24 12:30:11,Civilian
215,False,2025-01-14 08:41:55,Civilian
216,False,2024-12-24 13:58:30,Civilian
217,False,2025-01-31 06:45:44,Civilian
218,False,2021-08-04 15:39:24,Civilian
219,False,2024-02-11 00:53:03,Executive
220,False,2021-07-05 04:16:59,Civilian
221,False,2022-05-02 10:18:14,Civilian
222,False,2024-10-12 07:44:24,Military
223,False,2022-09-25 12:30:49,Civilian
224,False,2021-09-23 08:02:14,Civilian
225,False,2023-12-30 20:19:27,Civilian
226,False,2024-12-12 04:38:31,Civilian
227,False,2022-03-23 21:13:15,Civilian
228,False,2023-07-03 20:17:46,Civilian
229,False,2025-05-13 19:28:05,Military
230,False,2022-06-05 22:48:37,Civilian
231,False,2023-10-26 09:28:47,Civilian
232,False,2020-08-14 10:08:51,Civilian
233,False,2022-04-02 18:33:03,Civilian
234,False,2024-07-16 01:47:58,Civilian
235,False,2024-03-06 19:33:28,Civilian
236,False,2021-11-18 04:22:47,Civilian
237,False,2021-10-29 02:59:14,Executive
238,False,2025-06-12 19:12:00,Civilian
239,False,2024-02-20 06:17:19,Civilian
240,True,2025-07-28 21:30:12,Standard
241,False,2023-03-21 09:32:06,Executive
242,False,2024-06-11 14:25:01,Civilian
243,False,2021-08-19 16:37:23,Civilian
244,False,2022-01-24 09:47:42,Civilian
245,False,2025-07-23 21:07:14,Civilian
246,False,2023-12-24 01:34:30,Civilian
247,False,2024-04-09 16:41:32,Executive
248,False,2022-03-01 14:56:15,Civilian
249,False,2021-11-19 03:31:52,Civilian
250,False,2024-07-19 22:49:00,Military
251,False,2025-02-19 05:12:47,Civilian
252,False,2021-06-12 15:03:33,Civilian
253,False,2023-05-22 09:15:56,Military
254,False,2024-04-17 21:16:35,Civilian
255,True,2023-08-27 20:24:41,Standard
256,False,2022-12-18 17:26:52,Civilian
257,False,2024-07-17 00:24:34,Civilian
258,False,2025-06-29 13:09:54,Civilian
259,False,2021-05-27 19:30:15,Executive
260,False,2023-04-28 03:17:54,Civilian
261,False,2021-08-18 08:58:29,Civilian
262,False,2023-01-27 14:21:23,Civilian
263,False,2024-07-21 23:43:25,Civilian
264,False,2022-09-05 21:29:20,Civilian
265,False,2021-06-03 22:21:20,Military
266,False,2020-12-31 12:31:34,Civilian
267,False,2023-06-25 21:56:03,Civilian
268,False,2021-11-11 20:06:18,Civilian
269,False,2025-06-07 04:54:28,Military
270,True,2025-07-28 21:29:07,Standard
271,False,2022-08-27 07:56:28,Civilian
272,False,2024-10-27 10:06:30,Civilian
273,False,2020-11-07 05:25:23,Civilian
274,False,2020-12-21 13:54:17,Civilian
275,False,2023-04-24 00:56:15,Civilian
276,False,2020-08-08 18:32:28,Civilian
277,False,2021-05-08 07:56:23,Civilian
278,False,2023-04-11 09:24:24,Civilian
279,False,2020-09-30 09:42:08,Civilian
280,False,2022-06-06 15:35:00,Civilian
281,False,2021-03-10 06:47:25,Civilian
282,False,2023-07-16 17:01:02,Civilian
283,False,2024-06-25 06:58:03,Civilian
284,False,2022-05-02 07:28:47,Civilian
285,False,2020-08-07 02:16:09,Civilian
286,False,2024-12-29 09:58:37,Civilian
287,False,2022-07-31 20:05:50,Civilian
288,False,2022-04-03 11:26:32,Civilian
289,False,2020-09-21 16:29:11,Civilian
290,False,2020-10-20 16:17:28,Civilian
291,False,2023-09-17 19:34:45,Executive
292,False,2021-09-06 10:12:10,Civilian
293,False,2023-12-12 07:04:06,Civilian
294,False,2022-12-05 20:49:55,Civilian
295,False,2022-03-17 16:20:09,Executive
296,False,2022-04-28 08:06:21,Civilian
297,False,2025-04-16 23:06:23,Military
298,False,2023-04-17 00:21:05,Civilian
299,False,2024-11-16 12:34:43,Civilian
300,False,2021-09-21 06:21:39,Military
301,False,2021-12-28 02:57:26,Civilian
302,False,2025-04-09 20:47:24,Executive
303,False,2021-04-19 15:54:45,Civilian
304,False,2024-03-10 19:40:07,Civilian
305,False,2024-10-03 20:25:32,Civilian
306,True,2025-07-28 21:31:22,Standard
307,False,2022-05-03 04:30:23,Executive
308,False,2024-12-31 08:08:10,Military
309,False,2020-09-23 13:22:18,Civilian
310,False,2022-06-27 06:25:39,Military
311,False,2020-10-10 16:01:57,Civilian
312,False,2024-12-09 18:05:35,Civilian
313,False,2024-11-05 09:38:29,Civilian
314,False,2020-08-03 04:08:09,Military
315,False,2020-11-13 00:46:49,Civilian
316,False,2021-02-27 15:34:39,Civilian
317,False,2021-04-27 12:20:07,Military
318,True,2025-07-28 21:30:28,Standard
319,False,2023-04-09 07:01:09,Civilian
320,False,2022-01-23 22:59:43,Civilian
321,False,2025-01-08 11:12:01,Civilian
322,False,2022-05-07 02:07:09,Civilian
323,False,2020-08-20 08:20:03,Civilian
324,False,2022-10-30 07:35:14,Civilian
325,False,2021-12-20 15:35:43,Civilian
326,False,2020-10-26 12:58:48,Civilian
327,False,2021-06-17 07:37:46,Civilian
328,False,2023-09-19 02:48:43,Civilian
329,False,2021-10-08 17:31:06,Civilian
330,False,2023-09-20 16:40:24,Civilian
331,False,2023-04-10 18:06:12,Civilian
332,False,2024-05-09 17:27:36,Civilian
333,False,2022-10-02 09:37:29,Military
334,False,2020-10-19 12:25:33,Military
335,False,2023-04-26 18:40:34,Civilian
336,False,2021-09-09 16:07:43,Civilian
337,False,2022-12-01 03:16:33,Military
338,False,2025-07-21 06:52:09,Civilian
339,False,2020-08-11 06:03:50,Civilian
340,False,2024-05-09 01:01:26,Civilian
341,False,2024-04-03 13:30:18,Civilian
342,False,2022-08-14 03:33:35,Civilian
343,False,2022-04-23 15:36:59,Executive
344,False,2023-07-24 01:46:18,Civilian
345,False,2023-11-28 03:40:35,Civilian
346,False,2022-04-08 11:00:43,Civilian
347,False,2024-07-03 06:45:19,Civilian
348,False,2025-04-02 00:33:13,Civilian
349,False,2023-09-08 03:05:19,Civilian
350,False,2025-06-25 22:04:32,Civilian
351,False,2022-04-04 00:03:50,Civilian
352,False,2023-12-07 14:57:15,Civilian
353,False,2021-09-27 17:37:40,Civilian
354,False,2021-11-27 08:46:50,Military
355,False,2022-09-03 20:32:43,Civilian
356,True,2025-07-28 21:29:36,Standard
357,False,2021-09-13 00:22:59,Civilian
358,False,2023-11-04 04:16:04,Civilian
359,False,2021-12-07 07:20:35,Civilian
360,False,2023-05-03 02:42:08,Civilian
361,False,2025-05-20 17:53:54,Civilian
362,False,2024-03-04 02:02:17,Civilian
363,False,2021-08-03 13:02:59,Civilian
364,False,2024-01-10 20:02:18,Executive
365,False,2022-03-22 04:57:03,Military
366,False,2023-11-14 10:07:27,Civilian
367,False,2024-05-27 05:43:46,Military
368,False,2023-09-21 23:05:51,Civilian
369,False,2023-03-22 15:52:50,Civilian
370,False,2020-08-02 08:18:47,Civilian
371,False,2025-01-17 00:36:44,Executive
372,False,2025-05-11 06:21:39,Civilian
373,False,2025-05-01 10:52:14,Civilian
374,True,2025-07-28 21:31:17,Standard
375,False,2024-11-26 16:44:27,Civilian
376,False,2022-12-04 19:30:41,Civilian
377,False,2023-09-22 15:05:42,Civilian
378,False,2025-05-03 20:58:54,Civilian
379,False,2022-10-11 06:15:15,Civilian
380,False,2021-05-28 01:43:43,Civilian
381,False,2022-10-13 14:15:31,Executive
382,False,2025-06-14 18:45:24,Civilian
383,False,2023-10-11 21:29:49,Military
384,False,2021-01-03 20:38:32,Military
385,False,2024-01-06 17:52:16,Civilian
386,False,2021-03-24 05:46:51,Civilian
387,False,2021-08-27 09:32:47,Civilian
388,False,2023-04-24 00:36:50,Military
389,False,2024-06-29 20:28:25,Military
390,False,2025-05-01 08:15:22,Civilian
391,False,2024-09-16 07:04:28,Civilian
392,False,2023-05-01 22:56:02,Civilian
393,True,2025-07-28 21:29:35,Standard
394,False,2023-03-03 20:58:59,Civilian
395,True,2024-01-29 18:43:46,Standard
396,False,2025-07-13 09:59:13,Military
397,False,2021-04-04 06:05:44,Military
398,False,2020-08-04 18:40:52,Executive
399,False,2024-11-23 22:35:36,Civilian
400,False,2023-08-18 08:03:47,Executive
401,True,2025-07-28 21:28:30,Standard
402,False,2024-01-10 17:49:41,Civilian
403,False,2020-11-12 03:26:03,Civilian
404,False,2021-05-03 08:58:41,Civilian
405,False,2020-12-29 06:21:28,Civilian
406,False,2020-09-23 00:23:02,Civilian
407,False,2025-04-18 22:16:47,Civilian
408,False,2020-12-28 07:09:26,Military
409,False,2023-06-22 16:50:28,Civilian
410,False,2022-10-16 16:11:11,Civilian
411,False,2022-09-10 09:18:50,Civilian
412,False,2021-04-01 13:31:19,Civilian
413,False,2020-10-02 01:07:16,Civilian
414,False,2020-10-02 00:26:58,Civilian
415,True,2023-12-26 05:45:09,Standard
416,False,2022-12-20 16:07:51,Civilian
417,False,2023-09-29 00:22:16,Civilian
418,False,2025-05-03 08:06:11,Executive
419,False,2024-10-12 07:35:50,Military
420,False,2023-09-03 16:20:40,Civilian
421,False,2022-09-23 08:51:36,Civilian
422,False,2025-03-16 06:35:30,Civilian
423,False,2025-05-03 12:21:42,Civilian
424,False,2021-01-06 10:50:54,Civilian
425,False,2023-12-16 10:23:03,Civilian
426,False,2023-03-30 13:28:20,Civilian
427,False,2020-10-11 13:37:21,Military
428,False,2025-03-29 03:19:53,Executive
429,False,2021-04-02 19:40:54,Executive
430,False,2023-09-15 06:10:33,Civilian
431,False,2025-04-24 14:58:44,Civilian
432,False,2023-12-22 08:54:11,Civilian
433,False,2021-06-11 01:04:08,Military
434,False,2024-08-05 13:58:56,Civilian
435,False,2022-10-26 21:13:43,Civilian
436,False,2022-09-13 12:38:51,Military
437,False,2024-10-30 12:38:07,Civilian
438,False,2024-07-17 23:44:43,Civilian
439,False,2024-06-09 12:26:38,Civilian
440,False,2023-02-05 03:38:05,Civilian
441,False,2022-02-11 21:51:46,Civilian
442,False,2022-05-02 04:51:59,Military
443,False,2022-09-11 22:38:08,Civilian
444,False,2022-03-25 04:29:58,Military
445,False,2023-04-15 12:59:23,Civilian
446,False,2021-12-20 20:06:13,Military
447,False,2021-05-12 17:14:40,Civilian
448,False,2023-07-25 08:00:34,Civilian
449,False,2024-07-26 23:27:12,Civilian
450,False,2020-11-13 09:26:42,Civilian
451,False,2024-02-17 21:05:15,Civilian
452,False,2025-02-26 03:56:34,Civilian
453,False,2024-04-24 13:06:26,Civilian
454,False,2023-10-15 22:48:50,Executive
455,False,2021-08-19 15:55:14,Civilian
456,False,2024-08-13 04:43:17,Civilian
457,False,2022-07-31 01:30:57,Civilian
458,False,2021-03-19 10:08:42,Military
459,False,2021-04-02 00:17:17,Executive
460,True,2025-07-28 21:29:29,Standard
461,False,2024-07-07 00:49:41,Civilian
462,False,2020-08-13 23:08:33,Civilian
463,False,2021-11-13 21:25:48,Civilian
464,False,2021-06-26 16:03:10,Civilian
465,False,2021-08-20 01:34:46,Civilian
466,True,2023-10-08 23:37:06,Standard
467,False,2023-02-21 07:45:48,Civilian
468,False,2024-04-02 08:08:23,Military
469,False,2022-07-06 22:00:37,Civilian
470,False,2024-01-17 11:10:52,Civilian
471,False,2021-02-16 23:53:48,Civilian
472,False,2021-06-04 22:32:59,Civilian
473,False,2024-08-01 17:23:26,Executive
474,False,2023-10-28 18:52:51,Civilian
475,False,2022-05-23 20:24:22,Military
476,False,2021-11-19 19:59:00,Civilian
477,False,2022-01-04 08:44:02,Civilian
478,False,2025-02-26 23:42:00,Executive
479,False,2023-12-11 19:48:22,Civilian
480,False,2022-12-07 02:32:03,Civilian
481,False,2023-12-18 08:40:48,Executive
482,False,2020-12-21 06:58:25,Civilian
483,False,2022-05-12 11:48:21,Civilian
484,False,2023-12-20 06:13:15,Civilian
485,False,2022-01-30 22:34:41,Civilian
486,False,2020-08-14 16:19:00,Civilian
487,False,2025-01-05 10:13:30,Civilian
488,False,2023-09-09 02:55:25,Civilian
489,False,2021-03-23 22:06:17,Civilian
490,False,2024-04-11 01:46:02,Civilian
491,False,2023-05-27 15:45:45,Civilian
492,False,2021-02-27 00:51:59,Civilian
493,False,2025-04-27 02:37:17,Civilian
494,False,2022-07-28 15:15:25,Civilian
495,False,2021-07-18 06:21:06,Executive
496,False,2022-05-22 14:52:49,Civilian
497,False,2022-01-13 05:43:31,Civilian
498,False,2022-09-20 20:21:24,Civilian
499,True,2025-07-28 21:29:16,Standard
500,False,2023-05-17 21:10:31,Civilian
501,False,2020-09-26 02:31:08,Civilian
502,False,2020-08-09 08:45:32,Civilian
503,False,2023-03-27 08:44:24,Civilian
504,False,2024-01-11 16:35:38,Executive
505,False,2025-03-06 22:26:17,Civilian
506,False,2024-02-03 13:34:20,Civilian
507,False,2022-07-02 03:56:19,Civilian
508,False,2024-04-07 07:04:34,Civilian
509,False,2023-09-18 13:59:14,Civilian
510,False,2023-05-24 06:00:01,Civilian
511,False,2021-09-25 20:09:02,Civilian
512,False,2021-07-21 16:39:06,Civilian
513,False,2022-06-24 01:24:36,Civilian
514,False,2023-04-16 19:00:18,Military
515,False,2022-03-22 22:06:52,Military
516,False,2022-11-26 03:14:41,Civilian
517,False,2021-05-29 04:11:20,Civilian
518,False,2021-03-26 17:43:25,Civilian
519,False,2023-12-19 12:56:39,Civilian
520,False,2023-01-01 21:36:16,Executive
521,False,2022-09-11 21:38:05,Civilian
522,False,2023-07-23 02:48:18,Civilian
523,False,2021-02-10 13:18:02,Civilian
524,False,2020-09-24 12:35:13,Executive
525,False,2021-12-18 14:47:27,Civilian
526,False,2020-11-29 06:44:13,Civilian
527,False,2024-02-07 08:52:57,Civilian
528,False,2024-10-26 07:29:45,Civilian
529,False,2023-07-13 06:40:04,Military
530,False,2020-08-17 13:51:49,Civilian
531,False,2023-07-13 20:35:35,Civilian
532,False,2025-02-12 23:23:18,Military
533,False,2023-03-21 11:24:28,Civilian
534,False,2022-04-13 05:35:32,Executive
535,False,2021-02-19 23:20:07,Civilian
536,False,2023-06-04 13:29:51,Civilian
537,False,2022-01-30 04:23:23,Civilian
538,False,2024-04-05 18:39:37,Civilian
539,False,2023-03-07 15:56:15,Civilian
540,False,2021-09-23 18:45:38,Civilian
541,False,2023-04-15 22:26:33,Civilian
542,False,2021-04-12 23:08:03,Civilian
543,False,2022-04-25 18:38:47,Civilian
544,False,2023-09-13 02:51:12,Civilian
545,False,2021-07-12 05:58:06,Civilian
546,False,2022-02-28 21:52:30,Civilian
547,False,2023-11-07 00:13:10,Civilian
548,False,2025-02-26 03:00:19,Executive
549,False,2021-09-26 11:12:20,Civilian
550,False,2023-02-08 20:02:07,Executive
551,False,2022-08-30 16:46:09,Civilian
552,False,2022-04-19 10:22:28,Civilian
553,False,2022-08-31 05:05:40,Civilian
554,False,2023-04-08 01:01:51,Executive
555,True,2025-07-28 21:29:01,Standard
556,True,2025-07-28 21:31:02,Standard
557,False,2021-11-19 09:37:06,Civilian
558,False,2024-09-15 05:53:33,Civilian
559,False,2023-09-18 03:47:07,Military
560,False,2022-09-16 11:26:03,Executive
561,False,2024-08-09 14:02:23,Civilian
562,False,2024-07-08 19:54:02,Civilian
563,False,2024-01-07 02:35:38,Civilian
564,False,2022-07-01 23:47:21,Civilian
565,False,2025-03-01 14:52:24,Civilian
566,False,2023-04-11 22:24:32,Military
567,True,2025-07-28 21:28:56,Standard
568,False,2024-03-14 00:20:23,Civilian
569,False,2023-05-28 10:55:01,Civilian
570,False,2021-04-10 07:00:33,Civilian
571,True,2025-07-28 21:29:10,Standard
572,False,2025-07-06 14:54:18,Civilian
573,False,2020-12-14 09:14:58,Executive
574,False,2022-08-13 18:39:03,Civilian
575,False,2024-01-13 21:11:49,Civilian
576,True,2025-07-28 21:29:53,Standard
577,False,2022-04-25 16:29:24,Military
578,False,2023-11-23 05:37:51,Executive
579,False,2024-07-31 09:56:59,Civilian
580,False,2021-01-29 06:01:09,Civilian
581,False,2022-01-16 14:51:36,Civilian
582,False,2025-02-25 08:48:38,Military
583,False,2021-03-24 01:28:07,Civilian
584,False,2025-01-31 16:05:37,Executive
585,True,2023-09-20 07:47:36,Standard
586,False,2021-09-11 03:44:10,Civilian
587,False,2022-02-14 02:54:15,Civilian
588,False,2024-06-18 22:49:07,Civilian
589,False,2025-01-19 08:34:23,Civilian
590,False,2025-03-17 05:57:42,Military
591,False,2024-11-29 19:59:53,Civilian
592,False,2024-04-09 04:12:01,Executive
593,False,2021-12-31 18:16:06,Civilian
594,False,2023-05-08 21:33:57,Civilian
595,False,2024-10-05 22:23:00,Civilian
596,False,2021-08-10 11:33:06,Civilian
597,False,2020-12-30 08:25:53,Civilian
598,False,2023-09-13 14:51:37,Civilian
599,False,2022-04-28 11:15:10,Civilian
600,False,2021-02-12 19:10:52,Executive
601,False,2021-12-26 01:00:14,Civilian
602,False,2024-08-27 15:20:51,Civilian
603,False,2022-01-30 11:06:46,Civilian
604,False,2023-12-15 21:40:42,Civilian
605,False,2021-06-15 13:46:45,Civilian
606,False,2024-02-03 07:41:38,Civilian
607,False,2025-02-03 13:13:47,Executive
608,False,2023-06-03 14:37:43,Military
609,False,2025-04-11 02:15:27,Civilian
610,False,2024-05-21 22:20:27,Civilian
611,False,2024-01-04 04:37:27,Military
612,False,2023-01-29 02:51:03,Civilian
613,False,2021-09-18 11:08:16,Civilian
614,False,2024-08-06 12:43:07,Civilian
615,False,2023-11-02 22:48:46,Civilian
616,False,2020-08-28 15:58:29,Civilian
617,False,2023-11-19 21:25:35,Civilian
618,False,2024-03-04 17:53:08,Executive
619,False,2024-11-06 16:16:11,Civilian
620,False,2020-12-09 00:34:56,Executive
621,False,2025-03-16 10:29:26,Civilian
622,False,2021-09-11 02:31:14,Civilian
623,False,2024-12-17 03:25:52,Military
624,False,2023-05-09 20:11:12,Civilian
625,False,2023-08-29 11:15:02,Civilian
626,False,2021-04-09 21:29:10,Civilian
627,False,2024-04-20 20:12:53,Executive
628,False,2021-01-05 08:27:50,Civilian
629,False,2021-11-18 01:17:35,Civilian
630,False,2024-12-03 17:47:15,Civilian
631,False,2025-03-30 14:07:30,Executive
632,True,2025-07-28 21:30:34,Standard
633,False,2021-11-22 13:17:56,Civilian
634,False,2021-03-06 01:38:52,Civilian
635,False,2023-06-14 11:41:54,Civilian
636,False,2023-07-16 23:03:27,Civilian
637,False,2023-09-26 01:05:20,Civilian
638,False,2025-02-05 20:47:03,Executive
639,False,2020-10-14 09:29:23,Executive
640,False,2024-08-02 23:58:26,Executive
641,False,2023-01-20 11:05:00,Civilian
642,False,2023-11-29 09:47:39,Civilian
643,False,2021-06-19 00:19:27,Military
644,False,2023-08-15 07:16:24,Civilian
645,False,2022-11-15 02:43:25,Civilian
646,False,2022-06-01 15:01:49,Civilian
647,False,2021-01-11 17:43:13,Civilian
648,False,2024-10-16 07:38:00,Civilian
649,False,2022-10-26 16:42:44,Military
650,False,2025-02-13 06:11:04,Civilian
651,False,2021-11-09 09:40:19,Civilian
652,False,2021-06-08 19:49:29,Military
653,False,2021-01-23 09:51:57,Military
654,False,2024-04-24 15:04:18,Civilian
655,False,2021-04-12 19:12:14,Civilian
656,False,2024-10-30 04:50:53,Civilian
657,False,2022-03-17 11:33:53,Civilian
658,False,2021-05-06 17:24:32,Executive
659,False,2024-12-25 20:18:47,Civilian
660,False,2023-10-11 10:11:42,Civilian
661,False,2023-10-08 11:19:12,Civilian
662,False,2022-09-20 07:06:43,Military
663,False,2020-08-08 12:26:04,Civilian
664,False,2020-08-19 04:28:10,Civilian
665,False,2020-08-05 07:18:21,Civilian
666,False,2025-06-03 16:36:30,Civilian
667,False,2023-10-16 05:36:00,Civilian
668,False,2022-03-20 09:20:59,Civilian
669,False,2021-05-01 01:26:48,Civilian
670,False,2023-11-25 21:59:53,Civilian
671,False,2022-06-06 04:07:58,Executive
672,False,2024-08-13 01:08:52,Civilian
673,False,2020-11-18 10:27:43,Civilian
674,False,2025-03-16 15:24:32,Civilian
675,False,2022-11-04 12:05:08,Civilian
676,False,2024-12-06 13:05:43,Executive
677,False,2020-12-27 07:51:41,Civilian
678,False,2025-02-14 21:12:00,Civilian
679,False,2024-09-29 14:15:28,Civilian
680,False,2023-07-30 11:39:06,Civilian
681,False,2021-04-23 14:49:26,Civilian
682,False,2023-08-30 18:56:36,Civilian
683,False,2024-07-29 14:26:57,Civilian
684,False,2021-04-23 18:11:42,Civilian
685,False,2025-06-09 09:49:14,Civilian
686,False,2023-06-27 11:05:01,Civilian
687,False,2024-07-28 06:02:54,Civilian
688,False,2023-07-20 22:14:31,Civilian
689,False,2025-02-04 01:17:15,Civilian
690,False,2025-02-13 13:32:15,Civilian
691,False,2024-10-22 02:53:46,Executive
692,False,2020-11-11 09:30:04,Civilian
693,False,2023-07-21 16:02:27,Executive
694,False,2021-12-16 00:19:50,Civilian
695,False,2024-04-06 11:32:43,Executive
696,False,2024-03-17 10:30:05,Civilian
697,False,2025-03-21 23:38:49,Civilian
698,False,2025-02-03 11:15:27,Civilian
699,False,2021-12-22 04:21:23,Civilian
700,False,2023-03-15 21:10:10,Civilian
701,False,2023-11-27 21:33:10,Civilian
702,False,2020-09-06 01:18:09,Civilian
703,False,2023-06-12 07:27:37,Civilian
704,False,2024-07-08 09:38:57,Civilian
705,False,2021-08-02 13:05:23,Civilian
706,False,2024-02-02 10:35:48,Executive
707,False,2021-11-17 07:19:34,Civilian
708,False,2024-02-04 20:32:46,Civilian
709,False,2021-09-05 04:37:49,Civilian
710,False,2024-05-09 11:05:57,Executive
711,False,2023-12-21 20:17:15,Civilian
712,False,2021-07-29 21:15:17,Military
713,False,2022-07-28 19:10:42,Civilian
714,False,2023-11-07 09:26:30,Civilian
715,False,2024-12-31 20:58:59,Civilian
716,False,2021-10-16 11:14:24,Civilian
717,True,2025-07-28 21:29:03,Standard
718,False,2021-11-03 02:54:52,Military
719,False,2024-05-24 04:03:58,Civilian
720,True,2023-11-07 09:47:01,Standard
721,False,2020-09-02 20:48:47,Civilian
722,False,2022-07-09 05:33:19,Civilian
723,False,2020-10-10 12:48:54,Civilian
724,False,2022-05-02 18:35:02,Military
725,False,2021-05-24 22:31:26,Civilian
726,False,2020-09-11 03:26:56,Civilian
727,False,2025-04-10 16:34:58,Civilian
728,False,2021-05-15 19:26:30,Civilian
729,False,2023-06-01 01:37:31,Civilian
730,False,2023-06-05 06:05:36,Civilian
731,True,2025-07-28 21:28:50,Standard
732,False,2024-02-05 09:06:40,Civilian
733,False,2021-11-24 11:11:44,Civilian
734,False,2021-07-14 07:49:07,Military
735,False,2024-08-27 23:23:27,Civilian
736,True,2025-07-28 21:29:12,Standard
737,False,2023-01-04 22:14:54,Civilian
738,False,2025-06-16 15:51:25,Civilian
739,False,2021-07-15 14:55:40,Civilian
740,True,2024-04-04 23:16:14,Standard
741,False,2021-09-19 19:21:39,Civilian
742,False,2021-02-18 19:26:23,Civilian
743,False,2023-07-28 16:06:16,Civilian
744,False,2024-12-18 00:36:39,Civilian
745,False,2020-09-23 07:58:54,Civilian
746,False,2022-08-14 11:30:29,Civilian
747,True,2025-07-28 21:28:55,Standard
748,False,2023-03-24 03:00:25,Civilian
749,False,2020-09-03 16:13:01,Civilian
750,False,2023-10-21 06:41:20,Civilian
751,False,2021-09-11 23:29:24,Executive
752,False,2024-01-14 05:34:46,Civilian
753,False,2025-07-25 14:45:53,Civilian
754,False,2022-10-20 05:50:31,Civilian
755,False,2023-08-20 21:06:35,Civilian
756,False,2023-09-23 17:50:39,Civilian
757,False,2023-12-20 16:32:54,Civilian
758,False,2024-03-04 13:43:48,Civilian
759,False,2020-09-14 11:59:32,Civilian
760,False,2022-01-27 23:00:01,Civilian
761,False,2024-04-24 09:17:16,Civilian
762,False,2023-05-30 10:51:07,Military
763,False,2020-10-23 00:10:46,Civilian
764,False,2020-12-28 23:58:15,Civilian
765,True,2025-07-28 21:29:55,Standard
766,False,2023-01-14 20:33:56,Civilian
767,True,2025-07-28 21:30:40,Standard
768,False,2022-05-02 09:23:15,Civilian
769,False,2021-05-16 01:30:27,Civilian
770,False,2023-07-23 18:23:03,Military
771,False,2024-10-06 02:34:48,Civilian
772,False,2024-01-01 15:47:44,Civilian
773,False,2021-11-15 21:25:15,Military
774,False,2023-11-11 05:36:39,Civilian
775,False,2021-09-02 17:53:12,Civilian
776,False,2025-05-30 09:52:34,Civilian
777,False,2022-01-27 03:07:29,Executive
778,False,2021-09-07 08:56:50,Civilian
779,False,2023-03-04 04:54:29,Civilian
780,False,2024-12-12 02:58:01,Civilian
781,False,2022-08-13 07:33:23,Civilian
782,False,2022-01-08 14:53:12,Executive
783,False,2021-07-12 14:08:22,Executive
784,False,2022-09-29 19:54:15,Civilian
785,False,2025-06-16 17:37:11,Executive
786,False,2021-12-04 06:51:34,Civilian
787,False,2021-03-03 06:25:36,Civilian
788,False,2021-04-15 20:30:56,Civilian
789,False,2022-07-05 02:03:04,Civilian
790,False,2024-08-10 12:29:59,Military
791,False,2020-11-14 06:24:01,Civilian
792,False,2023-09-21 14:10:57,Civilian
793,False,2022-10-29 09:45:14,Civilian
794,False,2024-08-28 13:29:44,Civilian
795,False,2022-01-07 21:25:48,Civilian
796,False,2023-11-23 01:25:21,Civilian
797,False,2023-03-01 03:15:14,Executive
798,False,2024-12-16 04:19:04,Civilian
799,True,2025-07-28 21:29:16,Standard
800,True,2025-07-28 21:31:12,Standard
801,False,2023-07-19 04:28:09,Civilian
802,False,2023-08-05 22:48:41,Civilian
803,False,2023-09-08 14:43:43,Civilian
804,False,2025-01-27 17:48:15,Civilian
805,False,2021-06-30 05:17:55,Civilian
806,False,2023-02-27 19:30:03,Civilian
807,False,2021-09-16 06:08:18,Executive
808,False,2023-01-12 11:46:19,Civilian
809,False,2022-08-17 13:47:06,Civilian
810,False,2024-05-15 23:32:26,Civilian
811,False,2021-07-23 22:42:56,Civilian
812,False,2024-03-21 06:46:24,Civilian
813,False,2023-07-02 14:34:18,Civilian
814,False,2025-02-19 14:48:29,Civilian
815,False,2022-03-14 23:02:26,Military
816,False,2022-08-09 17:18:31,Military
817,False,2022-10-16 04:49:56,Civilian
818,False,2024-11-24 20:46:17,Civilian
819,False,2021-11-11 09:45:24,Civilian
820,False,2023-06-09 15:08:36,Civilian
821,False,2021-02-11 16:43:08,Executive
822,False,2021-03-22 13:16:37,Civilian
823,False,2021-12-13 02:16:09,Military
824,False,2023-04-13 18:21:51,Civilian
825,False,2025-03-27 11:45:30,Civilian
826,False,2021-01-18 23:50:39,Civilian
827,False,2022-07-07 15:23:08,Civilian
828,False,2024-02-26 00:02:49,Civilian
829,False,2024-12-17 08:49:39,Military
830,False,2022-06-30 01:37:35,Executive
831,False,2024-11-17 06:41:46,Civilian
832,True,2025-07-28 21:31:04,Standard
833,False,2023-11-19 15:44:16,Civilian
834,False,2024-04-28 11:11:27,Civilian
835,False,2023-07-24 06:34:38,Civilian
836,True,2025-07-28 21:29:05,Standard
837,False,2022-02-05 04:38:23,Civilian
838,False,2023-03-27 11:25:16,Civilian
839,False,2022-01-01 03:48:53,Civilian
840,False,2024-12-09 02:38:20,Civilian
841,True,2025-07-28 21:31:04,Standard
842,False,2022-07-07 23:24:36,Civilian
843,True,2025-07-28 21:30:50,Standard
844,False,2021-11-17 11:41:20,Civilian
845,False,2022-05-17 13:44:08,Civilian
846,False,2021-02-11 00:51:26,Civilian
847,False,2022-11-05 14:26:43,Civilian
848,False,2025-02-24 10:17:32,Civilian
849,False,2021-10-12 05:35:07,Military
850,False,2021-05-30 16:00:46,Civilian
851,False,2024-09-12 15:31:44,Civilian
852,False,2024-12-28 08:02:39,Civilian
853,False,2024-05-12 22:29:05,Civilian
854,False,2023-04-05 21:58:36,Executive
855,False,2022-08-07 10:21:41,Civilian
856,False,2025-03-01 03:19:28,Civilian
857,False,2021-10-01 21:58:20,Civilian
858,False,2021-06-09 15:57:42,Civilian
859,False,2025-04-01 11:08:05,Civilian
860,False,2025-03-15 01:01:27,Civilian
861,False,2022-03-21 10:32:08,Military
862,False,2023-08-22 08:40:32,Civilian
863,False,2022-10-12 12:59:07,Executive
864,True,2025-07-28 21:30:15,Standard
865,False,2022-01-12 07:21:29,Civilian
866,False,2025-02-06 12:14:36,Military
867,False,2025-02-03 00:12:11,Civilian
868,False,2021-10-02 14:35:09,Civilian
869,False,2021-11-13 00:12:35,Civilian
870,False,2022-04-22 07:38:24,Civilian
871,False,2022-09-26 17:30:38,Civilian
872,False,2024-09-17 15:33:25,Civilian
873,False,2023-12-16 20:28:10,Civilian
874,False,2025-03-01 15:19:46,Civilian
875,False,2020-08-25 03:14:08,Civilian
876,False,2021-08-21 23:48:32,Civilian
877,False,2021-07-18 08:38:29,Executive
878,False,2021-04-18 21:23:05,Civilian
879,False,2024-07-29 15:47:26,Civilian
880,False,2023-08-03 03:04:36,Civilian
881,False,2024-01-26 12:58:28,Executive
882,False,2023-12-27 21:40:06,Military
883,False,2024-10-30 15:10:35,Executive
884,False,2021-06-15 09:48:42,Civilian
885,False,2023-12-03 07:05:14,Civilian
886,False,2025-05-06 07:19:08,Civilian
887,False,2022-11-29 18:11:25,Civilian
888,False,2021-12-19 14:23:59,Civilian
889,False,2021-04-03 18:51:59,Civilian
890,False,2024-07-25 00:43:04,Civilian
891,False,2021-02-01 12:17:26,Civilian
892,False,2021-11-05 12:50:41,Civilian
893,False,2022-08-03 12:04:59,Civilian
894,False,2022-12-24 11:45:22,Military
895,False,2023-12-28 20:45:51,Civilian
896,False,2025-01-09 01:25:43,Military
897,False,2021-10-28 22:57:55,Civilian
898,False,2022-07-18 16:16:12,Civilian
899,False,2022-01-23 18:48:55,Civilian
900,False,2025-05-20 12:08:21,Executive
901,False,2023-06-26 05:21:22,Civilian
902,False,2022-12-21 06:16:49,Civilian
903,False,2024-09-09 14:43:19,Military
904,False,2023-11-28 08:09:47,Military
905,False,2024-06-10 13:27:45,Civilian
906,False,2021-04-13 06:15:22,Civilian
907,False,2022-07-07 17:01:17,Civilian
908,False,2022-07-30 01:56:50,Civilian
909,False,2025-06-10 14:45:50,Military
910,False,2023-05-21 18:06:41,Civilian
911,False,2024-10-07 20:03:55,Civilian
912,True,2025-07-28 21:31:18,Standard
913,False,2021-12-31 13:09:12,Military
914,False,2020-12-29 19:25:46,Civilian
915,False,2020-11-14 19:04:23,Civilian
916,False,2022-11-10 12:56:18,Civilian
917,False,2023-09-02 03:29:10,Civilian
918,False,2024-08-17 02:26:14,Executive
919,False,2021-12-18 07:37:32,Military
920,False,2024-02-10 23:05:17,Civilian
921,False,2025-04-25 15:27:49,Civilian
922,False,2023-07-18 10:56:22,Civilian
923,False,2022-10-03 14:09:47,Civilian
924,False,2025-01-05 01:22:25,Civilian
925,False,2021-09-11 02:58:29,Civilian
926,False,2025-02-13 18:05:58,Civilian
927,False,2020-11-13 14:34:12,Civilian
928,False,2024-01-09 12:39:25,Civilian
929,False,2024-12-29 08:10:23,Civilian
930,False,2022-11-11 01:23:03,Civilian
931,False,2025-04-15 15:21:30,Civilian
932,False,2025-07-04 00:17:01,Civilian
933,False,2023-05-27 09:00:59,Civilian
934,False,2022-05-20 23:53:38,Civilian
935,True,2023-12-01 10:00:25,Standard
936,False,2024-05-11 13:52:14,Civilian
937,False,2021-05-31 14:28:08,Civilian
938,False,2023-01-05 16:37:49,Civilian
939,False,2025-04-26 17:59:18,Civilian
940,False,2025-03-06 14:25:42,Civilian
941,False,2023-06-06 04:16:08,Civilian
942,False,2024-04-22 21:41:53,Civilian
943,False,2024-12-22 01:06:10,Civilian
944,False,2023-06-28 14:37:25,Civilian
945,False,2021-08-10 19:09:51,Civilian
946,False,2025-01-19 01:52:54,Civilian
947,False,2023-06-07 04:23:42,Civilian
948,True,2025-07-28 21:29:16,Standard
949,False,2023-02-01 09:02:41,Civilian
950,False,2022-10-29 22:32:48,Executive
951,False,2022-05-11 02:31:43,Civilian
952,False,2020-10-10 06:46:42,Civilian
953,False,2024-05-01 19:27:30,Civilian
954,False,2022-01-31 23:04:29,Civilian
955,False,2024-11-21 00:28:12,Civilian
956,False,2023-08-20 17:26:23,Civilian
957,False,2022-06-16 08:49:28,Civilian
958,False,2024-08-14 22:18:23,Civilian
959,True,2025-07-28 21:29:55,Standard
960,False,2023-05-02 20:01:48,Civilian
961,False,2025-06-10 17:28:59,Civilian
962,False,2020-10-24 21:17:54,Executive
963,False,2023-12-21 11:34:04,Civilian
964,False,2024-07-17 01:04:50,Civilian
965,False,2023-12-11 04:05:03,Civilian
966,False,2024-06-11 05:29:30,Military
967,False,2023-04-06 10:15:09,Civilian
968,False,2021-06-25 00:24:57,Military
969,False,2022-01-31 04:17:51,Civilian
970,False,2021-05-28 22:29:27,Executive
971,False,2025-02-11 22:02:53,Civilian
972,False,2022-03-25 17:45:57,Civilian
973,False,2024-10-26 18:02:33,Military
974,False,2023-10-25 16:58:10,Civilian
975,True,2023-09-18 01:51:07,Standard
976,False,2021-09-17 03:13:53,Civilian
977,False,2021-10-18 17:03:42,Civilian
978,False,2024-08-23 06:46:41,Civilian
979,False,2021-05-19 03:42:20,Civilian
980,True,2025-07-28 21:29:08,Standard
981,False,2024-08-25 23:52:48,Civilian
982,False,2023-08-08 00:19:20,Military
983,False,2023-05-07 19:07:25,Civilian
984,False,2024-10-27 08:30:46,Military
985,False,2022-02-17 08:26:14,Civilian
986,True,2025-07-28 21:29:50,Standard
987,False,2020-10-06 07:14:52,Civilian
988,False,2022-10-14 19:20:06,Civilian
989,False,2023-02-11 19:18:51,Civilian
990,False,2020-08-21 15:30:09,Civilian
991,False,2023-03-17 13:27:10,Civilian
992,False,2022-09-07 03:57:23,Civilian
993,False,2024-11-18 22:14:52,Executive
994,False,2021-08-30 17:22:35,Civilian
995,False,2022-07-10 06:12:49,Civilian
996,False,2022-09-13 13:46:52,Civilian
997,False,2025-06-23 00:56:59,Civilian
998,False,2023-01-23 20:24:36,Civilian
999,False,2025-03-27 12:31:27,Civilian
1000,False,2025-01-22 05:58:16,Civilian
